[
  {
    "id": 988,
    "logo" : "https://upload.wikimedia.org/wikipedia/commons/thumb/9/94/Old_Nike_logo.jpg/220px-Old_Nike_logo.jpg",
    "name": "System Administrator",
    "excerpt": "Austin try-hard celiac activated charcoal. Franzen meditation squid ethical wayfarers dreamcatcher meh hexagon venmo vinyl microdosing raw denim ",
    "description": "<p><strong>Pellentesque habitant morbi tristique<\/strong> senectus et netus et malesuada fames ac turpis egestas. Vestibulum tortor quam, feugiat vitae, ultricies eget, tempor sit amet, ante. Donec eu libero sit amet quam egestas semper. <em>Aenean ultricies mi vitae est.<\/em> Mauris placerat eleifend leo. Quisque sit amet est et sapien ullamcorper pharetra. Vestibulum erat wisi, condimentum sed, <code>commodo vitae<\/code>, ornare sit amet, wisi. Aenean fermentum, elit eget tincidunt condimentum, eros ipsum rutrum orci, sagittis tempus lacus enim ac dui. Donec non enim in turpis pulvinar facilisis. Ut felis.",
    "rating": 5,
    "company": "Nike Corporation",
    "salary" : "$90000"
  },
  {
    "id": 989,
    "logo" : "http://demandware.edgesuite.net/aaqx_prd/on/demandware.static/Sites-adidas-US-Site/-/default/dw721d387e/images/favicons/favicon.png",
    "name": "Lead Designer",
    "excerpt": "Fashion axe ramps lorem whatever. Dolor polaroid magna, freegan DIY live-edge dolore blue bottle edison bulb do ullamco pitchfork.",
    "description": "<p><strong>Pellentesque habitant morbi tristique<\/strong> senectus et netus et malesuada fames ac turpis egestas. Vestibulum tortor quam, feugiat vitae, ultricies eget, tempor sit amet, ante. Donec eu libero sit amet quam egestas semper. <em>Aenean ultricies mi vitae est.<\/em> Mauris placerat eleifend leo. Quisque sit amet est et sapien ullamcorper pharetra. Vestibulum erat wisi, condimentum sed, <code>commodo vitae<\/code>, ornare sit amet, wisi. Aenean fermentum, elit eget tincidunt condimentum, eros ipsum rutrum orci, sagittis tempus lacus enim ac dui. Donec non enim in turpis pulvinar facilisis. Ut felis.<\/p><h2>Header Level 2<\/h2><ol><li>Lorem ipsum dolor sit amet, consectetuer adipiscing elit.<\/li><li>Aliquam tincidunt mauris eu risus.<\/li><\/ol><blockquote><p>Lorem ipsum dolor sit amet, consectetur adipiscing elit. Vivamus magna. Cras in mi at felis aliquet congue. Ut a est eget ligula molestie gravida. Curabitur massa. Donec eleifend, libero at sagittis mollis, tellus est malesuada tellus, at luctus turpis elit sit amet quam. Vivamus pretium ornare est.<\/p><\/blockquote><h3>Header Level 3<\/h3><ul><li>Lorem ipsum dolor sit amet, consectetuer adipiscing elit.<\/li><li>Aliquam tincidunt mauris eu risus.<\/li><\/ul>",
    "rating": 2,
    "company": "Adidas Philippines",
    "salary" : "$89000"
  },
  {
    "id": 990,
    "logo" : "https://pbs.twimg.com/profile_images/746748014807523328/e-DKQpyd.jpg",
    "name": "Project Manager",
    "excerpt": "Nostrud knausgaard raclette, ugh pabst iPhone hell of stumptown in esse cornhole.",
    "description": "<p><strong>Pellentesque habitant morbi tristique<\/strong> senectus et netus et malesuada fames ac turpis egestas. Vestibulum tortor quam, feugiat vitae, ultricies eget, tempor sit amet, ante. Donec eu libero sit amet quam egestas semper. <em>Aenean ultricies mi vitae est.<\/em> Mauris placerat eleifend leo. Quisque sit amet est et sapien ullamcorper pharetra. Vestibulum erat wisi, condimentum sed, <code>commodo vitae<\/code>, ornare sit amet, wisi. Aenean fermentum, elit eget tincidunt condimentum, eros ipsum rutrum orci, sagittis tempus lacus enim ac dui. Donec non enim in turpis pulvinar facilisis. Ut felis.<\/p><h2>Header Level 2<\/h2><ol><li>Lorem ipsum dolor sit amet, consectetuer adipiscing elit.<\/li><li>Aliquam tincidunt mauris eu risus.<\/li><\/ol><blockquote><p>Lorem ipsum dolor sit amet, consectetur adipiscing elit. Vivamus magna. Cras in mi at felis aliquet congue. Ut a est eget ligula molestie gravida. Curabitur massa. Donec eleifend, libero at sagittis mollis, tellus est malesuada tellus, at luctus turpis elit sit amet quam. Vivamus pretium ornare est.<\/p><\/blockquote><h3>Header Level 3<\/h3><ul><li>Lorem ipsum dolor sit amet, consectetuer adipiscing elit.<\/li><li>Aliquam tincidunt mauris eu risus.<\/li><\/ul>",
    "rating": 4,
    "company": "Under Armour Dubai",
    "salary" : "$8000"
  },
  {
    "id": 991,
    "logo": "https://pbs.twimg.com/profile_images/800840075311333376/515GX-Cc.jpg",
    "name": "Floor Supervisor",
    "excerpt": "Before they sold out proident 90's ugh synth tote bag austin hot chicken kogi lomo poutine taiyaki thundercats eiusmod bicycle rights. Cray snackwave tousled farm-to-table lo-fi deep v selvage franzen yuccie. ",
    "description": "<p><strong>Pellentesque habitant morbi tristique<\/strong> senectus et netus et malesuada fames ac turpis egestas. Vestibulum tortor quam, feugiat vitae, ultricies eget, tempor sit amet, ante. Donec eu libero sit amet quam egestas semper. <em>Aenean ultricies mi vitae est.<\/em> Mauris placerat eleifend leo. Quisque sit amet est et sapien ullamcorper pharetra. Vestibulum erat wisi, condimentum sed, <code>commodo vitae<\/code>, ornare sit amet, wisi. Aenean fermentum, elit eget tincidunt condimentum, eros ipsum rutrum orci, sagittis tempus lacus enim ac dui. Donec non enim in turpis pulvinar facilisis. Ut felis.<\/p><h2>Header Level 2<\/h2><ol><li>Lorem ipsum dolor sit amet, consectetuer adipiscing elit.<\/li><li>Aliquam tincidunt mauris eu risus.<\/li><\/ol><blockquote><p>Lorem ipsum dolor sit amet, consectetur adipiscing elit. Vivamus magna. Cras in mi at felis aliquet congue. Ut a est eget ligula molestie gravida. Curabitur massa. Donec eleifend, libero at sagittis mollis, tellus est malesuada tellus, at luctus turpis elit sit amet quam. Vivamus pretium ornare est.<\/p><\/blockquote><h3>Header Level 3<\/h3><ul><li>Lorem ipsum dolor sit amet, consectetuer adipiscing elit.<\/li><li>Aliquam tincidunt mauris eu risus.<\/li><\/ul>",
    "rating": 1,
    "company": "Oracle Inc.",
    "salary" : "$20000"
  },
  {
    "id": 992,
    "logo": "https://www.runnersretreat.com/wp-content/uploads/2015/06/HOKA-logo-square.jpg",
    "name": "Web Developer",
    "excerpt": "Deserunt truffaut chia fanny pack edison bulb keytar subway tile adaptogen everyday carry marfa cronut quis lomo godard. Salvia migas poke, franzen cornhole aute aliqua. ",
    "description": "<p><strong>Pellentesque habitant morbi tristique<\/strong> senectus et netus et malesuada fames ac turpis egestas. Vestibulum tortor quam, feugiat vitae, ultricies eget, tempor sit amet, ante. Donec eu libero sit amet quam egestas semper. <em>Aenean ultricies mi vitae est.<\/em> Mauris placerat eleifend leo. Quisque sit amet est et sapien ullamcorper pharetra. Vestibulum erat wisi, condimentum sed, <code>commodo vitae<\/code>, ornare sit amet, wisi. Aenean fermentum, elit eget tincidunt condimentum, eros ipsum rutrum orci, sagittis tempus lacus enim ac dui. Donec non enim in turpis pulvinar facilisis. Ut felis.<\/p><h2>Header Level 2<\/h2><ol><li>Lorem ipsum dolor sit amet, consectetuer adipiscing elit.<\/li><li>Aliquam tincidunt mauris eu risus.<\/li><\/ol><blockquote><p>Lorem ipsum dolor sit amet, consectetur adipiscing elit. Vivamus magna. Cras in mi at felis aliquet congue. Ut a est eget ligula molestie gravida. Curabitur massa. Donec eleifend, libero at sagittis mollis, tellus est malesuada tellus, at luctus turpis elit sit amet quam. Vivamus pretium ornare est.<\/p><\/blockquote><h3>Header Level 3<\/h3><ul><li>Lorem ipsum dolor sit amet, consectetuer adipiscing elit.<\/li><li>Aliquam tincidunt mauris eu risus.<\/li><\/ul>",
    "rating": 4,
    "company": "HOKA OneOne Pte Ltd",
    "salary" : "$3000"
  },
  {
    "id": 993,
    "logo": "https://www.seeklogo.net/wp-content/uploads/2011/08/intel-logo-vector-01-200x200.png",
    "name": "Software Developer",
    "excerpt": "Mumblecore keytar live-edge letterpress. Letterpress anim VHS cillum forage tote bag bicycle rights wolf paleo snackwave. Semiotics brooklyn blog unicorn. ",
    "description": "<p><strong>Pellentesque habitant morbi tristique<\/strong> senectus et netus et malesuada fames ac turpis egestas. Vestibulum tortor quam, feugiat vitae, ultricies eget, tempor sit amet, ante. Donec eu libero sit amet quam egestas semper. <em>Aenean ultricies mi vitae est.<\/em> Mauris placerat eleifend leo. Quisque sit amet est et sapien ullamcorper pharetra. Vestibulum erat wisi, condimentum sed, <code>commodo vitae<\/code>, ornare sit amet, wisi. Aenean fermentum, elit eget tincidunt condimentum, eros ipsum rutrum orci, sagittis tempus lacus enim ac dui. Donec non enim in turpis pulvinar facilisis. Ut felis.<\/p><h2>Header Level 2<\/h2><ol><li>Lorem ipsum dolor sit amet, consectetuer adipiscing elit.<\/li><li>Aliquam tincidunt mauris eu risus.<\/li><\/ol><blockquote><p>Lorem ipsum dolor sit amet, consectetur adipiscing elit. Vivamus magna. Cras in mi at felis aliquet congue. Ut a est eget ligula molestie gravida. Curabitur massa. Donec eleifend, libero at sagittis mollis, tellus est malesuada tellus, at luctus turpis elit sit amet quam. Vivamus pretium ornare est.<\/p><\/blockquote><h3>Header Level 3<\/h3><ul><li>Lorem ipsum dolor sit amet, consectetuer adipiscing elit.<\/li><li>Aliquam tincidunt mauris eu risus.<\/li><\/ul>",
    "rating": 2,
    "company": "Intel Inc.",
    "salary" : "$10000"
  },
  {
    "id": 994,
    "logo": "https://i.pinimg.com/originals/ae/a3/fa/aea3fa9f8257b22a95cb28d8b604fd63.jpg",
    "name": "Vocalist",
    "excerpt": "Mumblecore keytar live-edge letterpress. Letterpress anim VHS cillum forage tote bag bicycle rights wolf paleo snackwave. Semiotics brooklyn blog unicorn. ",
    "description": "<p><strong>Pellentesque habitant morbi tristique<\/strong> senectus et netus et malesuada fames ac turpis egestas. Vestibulum tortor quam, feugiat vitae, ultricies eget, tempor sit amet, ante. Donec eu libero sit amet quam egestas semper. <em>Aenean ultricies mi vitae est.<\/em> Mauris placerat eleifend leo. Quisque sit amet est et sapien ullamcorper pharetra. Vestibulum erat wisi, condimentum sed, <code>commodo vitae<\/code>, ornare sit amet, wisi. Aenean fermentum, elit eget tincidunt condimentum, eros ipsum rutrum orci, sagittis tempus lacus enim ac dui. Donec non enim in turpis pulvinar facilisis. Ut felis.<\/p><h2>Header Level 2<\/h2><ol><li>Lorem ipsum dolor sit amet, consectetuer adipiscing elit.<\/li><li>Aliquam tincidunt mauris eu risus.<\/li><\/ol><blockquote><p>Lorem ipsum dolor sit amet, consectetur adipiscing elit. Vivamus magna. Cras in mi at felis aliquet congue. Ut a est eget ligula molestie gravida. Curabitur massa. Donec eleifend, libero at sagittis mollis, tellus est malesuada tellus, at luctus turpis elit sit amet quam. Vivamus pretium ornare est.<\/p><\/blockquote><h3>Header Level 3<\/h3><ul><li>Lorem ipsum dolor sit amet, consectetuer adipiscing elit.<\/li><li>Aliquam tincidunt mauris eu risus.<\/li><\/ul>",
    "rating": 2,
    "company": "Maroon V",
    "salary" : "$100000"
  }
]
